timezone,temp,humidity,description
2025-02-19 05:42:07,0.76,29,clear sky
2025-02-19 05:45:18,0.76,29,clear sky
2025-02-19 05:52:32,0.76,29,clear sky
2025-02-19 05:59:40,0.76,29,clear sky
2025-02-19 06:27:26,1.76,25,clear sky
2025-02-19 06:43:19,1.76,25,clear sky
2025-02-19 06:50:33,1.76,25,clear sky
2025-02-19 06:57:41,1.76,25,clear sky
2025-02-19 07:14:40,-0.42,18,clear sky
2025-02-19 07:26:53,0.76,25,clear sky
2025-02-19 07:35:07,0.76,25,clear sky
2025-02-19 07:41:56,0.76,25,clear sky
2025-02-19 07:49:05,0.76,25,clear sky
2025-02-19 07:55:52,0.76,25,clear sky
2025-02-19 08:16:16,-0.74,19,clear sky
2025-02-19 08:35:36,0.76,29,clear sky
2025-02-19 08:47:09,0.76,29,clear sky
2025-02-19 08:54:18,0.76,29,clear sky
2025-02-19 09:09:13,0.76,29,clear sky
2025-02-19 09:27:20,-1.24,29,clear sky
2025-02-19 09:36:56,-1.24,29,clear sky
2025-02-19 09:43:47,-1.24,29,clear sky
2025-02-19 09:50:57,-1.24,29,clear sky
2025-02-19 09:57:55,-1.24,29,clear sky
2025-02-19 10:16:58,-2.1,25,clear sky
2025-02-19 10:35:05,-3.24,39,clear sky
2025-02-19 10:44:04,-3.24,39,clear sky
2025-02-19 10:51:00,-3.24,39,clear sky
2025-02-19 10:58:07,-3.24,39,clear sky
2025-02-19 11:13:09,-2.72,29,clear sky
2025-02-19 11:24:12,-3.24,43,clear sky
2025-02-19 11:31:27,-3.24,43,clear sky
2025-02-19 11:39:03,-3.24,43,clear sky
2025-02-19 11:46:09,-3.24,43,clear sky
2025-02-19 11:52:58,-3.24,43,clear sky
2025-02-19 11:59:50,-3.24,43,clear sky
2025-02-19 12:36:43,-4.24,50,clear sky
2025-02-19 13:01:07,-4.24,50,clear sky
2025-02-19 13:27:05,-5.24,50,clear sky
2025-02-19 13:38:30,-5.24,50,clear sky
2025-02-19 13:45:27,-5.24,50,clear sky
2025-02-19 13:52:46,-5.24,50,clear sky
2025-02-19 13:59:40,-5.24,50,clear sky
2025-02-19 14:18:22,-5.24,54,clear sky
2025-02-19 14:34:15,-5.24,54,clear sky
2025-02-19 14:43:42,-5.24,54,clear sky
2025-02-19 14:50:50,-5.24,54,clear sky
2025-02-19 14:57:48,-5.24,54,clear sky
2025-02-19 15:17:08,-3.23,36,clear sky
2025-02-19 15:31:32,-6.24,58,clear sky
2025-02-19 15:40:49,-6.24,58,clear sky
2025-02-19 15:47:51,-6.24,58,clear sky
2025-02-19 15:55:08,-6.24,58,clear sky
2025-02-19 16:13:03,-3.29,37,clear sky
2025-02-19 16:34:18,-6.24,58,clear sky
2025-02-19 16:46:49,-6.24,58,clear sky
2025-02-19 16:53:57,-6.24,58,clear sky
2025-02-19 17:07:15,-6.24,58,clear sky
2025-02-19 17:26:10,-3.46,37,clear sky
2025-02-19 17:36:33,-8.24,62,clear sky
2025-02-19 17:43:47,-8.24,62,clear sky
2025-02-19 17:50:41,-8.24,62,clear sky
2025-02-19 17:57:42,-8.24,62,clear sky
2025-02-19 18:19:10,-3.7,39,clear sky
2025-02-19 18:39:06,-8.24,67,clear sky
2025-02-19 18:48:48,-8.24,67,clear sky
2025-02-19 18:55:49,-8.24,67,clear sky
2025-02-19 19:09:23,-8.24,67,clear sky
2025-02-19 19:20:00,-3.86,41,clear sky
2025-02-19 19:26:59,-9.24,73,clear sky
2025-02-19 19:35:18,-9.24,73,clear sky
2025-02-19 19:42:16,-9.24,73,clear sky
2025-02-19 19:49:28,-9.24,73,clear sky
2025-02-19 19:56:37,-9.24,73,clear sky
2025-02-19 20:14:38,-4.05,42,clear sky
2025-02-19 20:30:04,-10.24,85,clear sky
2025-02-19 20:39:21,-10.24,85,clear sky
2025-02-19 20:46:17,-10.24,85,clear sky
2025-02-19 20:53:29,-10.24,85,clear sky
2025-02-19 21:00:54,-10.24,85,clear sky
2025-02-19 21:20:07,-4.24,42,clear sky
2025-02-19 21:28:44,-10.24,85,clear sky
2025-02-19 21:36:36,-10.24,85,clear sky
2025-02-19 21:43:28,-10.24,85,clear sky
2025-02-19 21:50:24,-10.24,85,clear sky
2025-02-19 21:57:06,-10.24,85,clear sky
2025-02-19 22:13:14,-4.41,43,clear sky
2025-02-19 22:29:10,-8.24,73,clear sky
2025-02-19 22:38:01,-8.24,73,clear sky
2025-02-19 22:44:44,-8.24,73,clear sky
2025-02-19 22:51:45,-8.24,73,clear sky
2025-02-19 22:58:28,-8.24,73,clear sky
2025-02-19 23:15:43,-8.24,73,clear sky
2025-02-19 23:27:31,-7.24,73,clear sky
2025-02-19 23:35:18,-7.24,73,clear sky
2025-02-19 23:42:14,-7.24,73,clear sky
2025-02-19 23:49:17,-7.24,73,clear sky
2025-02-19 23:56:18,-7.24,73,clear sky
2025-02-20 00:59:57,-3.24,59,clear sky
2025-02-20 02:17:07,-2.23,30,clear sky
2025-02-20 02:57:43,-0.24,32,clear sky
2025-02-20 03:19:41,-1.33,27,clear sky
2025-02-20 03:38:08,0.76,29,clear sky
2025-02-20 03:46:14,0.76,29,clear sky
2025-02-20 03:53:01,0.76,29,clear sky
2025-02-20 04:00:04,0.76,29,clear sky
2025-02-20 04:23:48,0.76,29,clear sky
2025-02-20 04:37:32,0.76,29,clear sky
2025-02-20 04:45:20,0.76,29,clear sky
2025-02-20 04:52:21,0.76,29,clear sky
2025-02-20 04:59:09,0.76,29,clear sky
2025-02-20 05:17:33,0.76,29,clear sky
2025-02-20 05:32:21,1.76,27,clear sky
2025-02-20 05:41:15,1.76,27,clear sky
2025-02-20 05:48:25,1.76,27,clear sky
2025-02-20 05:55:32,1.76,27,clear sky
2025-02-20 06:15:24,0.27,20,clear sky
2025-02-20 06:37:45,1.76,27,clear sky
2025-02-20 06:48:04,1.76,27,clear sky
2025-02-20 06:54:51,1.76,27,clear sky
2025-02-20 07:09:47,0.18,20,clear sky
2025-02-20 07:24:23,1.76,27,clear sky
2025-02-20 07:32:00,1.76,27,clear sky
2025-02-20 07:38:56,1.76,27,clear sky
2025-02-20 07:46:04,1.76,27,clear sky
2025-02-20 07:53:12,1.76,27,clear sky
2025-02-20 08:00:03,1.76,27,clear sky
2025-02-20 08:26:18,0.78,29,few clouds
2025-02-20 08:40:59,0.76,23,clear sky
2025-02-20 08:49:44,0.76,23,clear sky
2025-02-20 08:56:30,0.76,23,clear sky
2025-02-20 09:13:49,-1.37,26,clear sky
2025-02-20 09:29:16,-1.24,29,clear sky
2025-02-20 09:38:54,-1.24,29,clear sky
2025-02-20 09:45:56,-1.24,29,clear sky
2025-02-20 09:52:41,-1.24,29,clear sky
2025-02-20 09:59:38,-1.24,29,clear sky
2025-02-20 10:20:40,-1.22,24,clear sky
2025-02-20 10:38:04,-2.24,34,clear sky
2025-02-20 10:45:30,-2.24,34,clear sky
2025-02-20 10:52:32,-2.24,34,clear sky
2025-02-20 10:59:27,-2.24,34,clear sky
2025-02-20 11:15:39,-2.78,34,clear sky
2025-02-20 11:25:33,-3.24,36,clear sky
2025-02-20 11:33:47,-3.24,36,clear sky
2025-02-20 11:40:54,-3.24,36,clear sky
2025-02-20 11:47:56,-3.24,36,clear sky
2025-02-20 11:54:55,-3.24,36,clear sky
2025-02-20 12:18:39,-3.24,36,clear sky
2025-02-20 12:54:06,-4.24,39,clear sky
2025-02-20 13:16:46,-3.57,38,clear sky
2025-02-20 13:33:25,-5.24,50,clear sky
2025-02-20 13:41:44,-5.24,50,clear sky
2025-02-20 13:48:54,-5.24,50,clear sky
2025-02-20 13:55:37,-5.24,50,clear sky
2025-02-20 14:11:02,-5.24,50,clear sky
2025-02-20 14:30:42,-5.24,54,clear sky
2025-02-20 14:42:04,-5.24,54,clear sky
2025-02-20 14:49:10,-5.24,54,clear sky
2025-02-20 14:56:06,-5.24,54,clear sky
2025-02-20 15:13:28,-5.24,54,clear sky
2025-02-20 15:30:43,-6.24,58,clear sky
2025-02-20 15:41:28,-6.24,58,clear sky
2025-02-20 15:48:34,-6.24,58,clear sky
2025-02-20 15:55:58,-6.24,58,clear sky
2025-02-20 16:15:25,-3.66,40,clear sky
2025-02-20 16:38:34,-7.24,63,clear sky
2025-02-20 16:50:19,-7.24,63,clear sky
2025-02-20 16:57:40,-7.24,63,clear sky
2025-02-20 17:13:22,-7.24,63,clear sky
2025-02-20 17:28:04,-6.24,63,clear sky
2025-02-20 17:37:05,-6.24,63,clear sky
2025-02-20 17:44:05,-6.24,63,clear sky
2025-02-20 17:51:09,-6.24,63,clear sky
2025-02-20 17:58:17,-6.24,63,clear sky
2025-02-20 18:22:32,-3.97,41,clear sky
2025-02-20 18:40:48,-7.24,63,clear sky
2025-02-20 18:49:58,-7.24,63,clear sky
2025-02-20 18:57:00,-7.24,63,clear sky
2025-02-20 19:11:04,-7.24,63,clear sky
2025-02-20 19:22:08,-4.01,42,clear sky
2025-02-20 19:29:02,-9.24,62,clear sky
2025-02-20 19:37:06,-9.24,62,clear sky
2025-02-20 19:44:21,-9.24,62,clear sky
2025-02-20 19:51:31,-9.24,62,clear sky
2025-02-20 19:58:22,-9.24,62,clear sky
2025-02-20 20:18:27,-4.13,43,clear sky
2025-02-20 20:31:39,-9.24,73,clear sky
2025-02-20 20:41:24,-9.24,73,clear sky
2025-02-20 20:48:41,-9.24,73,clear sky
2025-02-20 21:09:14,-9.24,73,clear sky
2025-02-20 21:23:59,-10.24,79,clear sky
2025-02-20 21:30:59,-10.24,79,clear sky
2025-02-20 21:38:18,-10.24,79,clear sky
2025-02-20 21:45:11,-10.24,79,clear sky
2025-02-20 21:51:57,-10.24,79,clear sky
2025-02-20 21:58:52,-10.24,79,clear sky
2025-02-20 22:16:30,-10.24,79,clear sky
2025-02-20 22:32:04,-10.24,85,clear sky
2025-02-20 22:41:14,-10.24,85,clear sky
2025-02-20 22:48:21,-10.24,85,clear sky
2025-02-20 22:55:28,-10.24,85,clear sky
2025-02-20 23:11:18,-10.24,85,clear sky
2025-02-20 23:26:29,-4.48,47,clear sky
2025-02-20 23:34:50,-7.24,73,clear sky
2025-02-20 23:41:48,-7.24,73,clear sky
2025-02-20 23:49:05,-7.24,73,clear sky
2025-02-20 23:56:14,-7.24,73,clear sky
2025-02-21 00:59:12,-3.24,59,clear sky
2025-02-21 02:16:45,-2.29,32,clear sky
2025-02-21 02:58:31,-0.24,32,clear sky
2025-02-21 03:21:55,0.76,32,clear sky
2025-02-21 03:37:46,0.76,32,clear sky
2025-02-21 03:45:47,0.76,32,clear sky
2025-02-21 03:52:54,0.76,32,clear sky
2025-02-21 03:59:59,0.76,32,clear sky
2025-02-21 04:25:08,0.76,32,clear sky
2025-02-21 04:41:05,0.76,32,clear sky
2025-02-21 04:49:42,0.76,32,clear sky
2025-02-21 04:56:38,0.76,32,clear sky
2025-02-21 05:12:59,-0.26,28,clear sky
2025-02-21 05:30:00,0.76,32,clear sky
2025-02-21 05:39:41,0.76,32,clear sky
2025-02-21 05:46:49,0.76,32,clear sky
2025-02-21 05:53:47,0.76,32,clear sky
2025-02-21 06:11:09,0.27,27,clear sky
2025-02-21 06:35:14,0.76,37,clear sky
2025-02-21 06:46:52,0.76,37,clear sky
2025-02-21 06:53:53,0.76,37,clear sky
2025-02-21 07:07:52,0.76,37,clear sky
2025-02-21 07:23:45,0.76,40,clear sky
2025-02-21 07:30:50,0.76,40,clear sky
2025-02-21 07:38:13,0.76,40,clear sky
2025-02-21 07:45:01,0.76,40,clear sky
2025-02-21 07:52:12,0.76,40,clear sky
2025-02-21 07:59:24,0.76,40,clear sky
2025-02-21 08:23:53,1.76,30,clear sky
2025-02-21 08:38:47,1.76,30,clear sky
2025-02-21 08:47:17,1.76,30,clear sky
2025-02-21 08:54:33,1.76,30,clear sky
2025-02-21 09:09:24,-0.76,26,clear sky
2025-02-21 09:26:56,-0.24,27,clear sky
2025-02-21 09:36:23,-0.24,27,clear sky
2025-02-21 09:43:26,-0.24,27,clear sky
2025-02-21 09:50:37,-0.24,27,clear sky
2025-02-21 09:57:47,-0.24,27,clear sky
2025-02-21 10:16:28,-0.24,27,clear sky
2025-02-21 10:34:11,-2.24,37,clear sky
2025-02-21 10:43:11,-2.24,37,clear sky
2025-02-21 10:50:04,-2.24,37,clear sky
2025-02-21 10:57:00,-2.24,37,clear sky
2025-02-21 11:11:25,-2.15,33,clear sky
2025-02-21 11:24:25,-2.24,40,clear sky
2025-02-21 11:31:36,-2.24,40,clear sky
2025-02-21 11:39:00,-2.24,40,clear sky
2025-02-21 11:46:05,-2.24,40,clear sky
2025-02-21 11:53:15,-2.24,40,clear sky
2025-02-21 11:59:58,-2.24,40,clear sky
2025-02-21 12:39:13,-3.24,46,clear sky
2025-02-21 13:02:28,-3.24,46,clear sky
2025-02-21 13:27:30,-4.24,50,clear sky
2025-02-21 13:36:51,-4.24,50,clear sky
2025-02-21 13:43:42,-4.24,50,clear sky
2025-02-21 13:50:49,-4.24,50,clear sky
2025-02-21 13:57:44,-4.24,50,clear sky
2025-02-21 14:13:17,-4.24,50,clear sky
2025-02-21 14:29:42,-4.24,50,clear sky
2025-02-21 14:39:40,-4.24,50,clear sky
2025-02-21 14:46:45,-4.24,50,clear sky
2025-02-21 14:53:47,-4.24,50,clear sky
2025-02-21 15:07:41,-4.24,50,clear sky
2025-02-21 15:26:45,-4.24,54,clear sky
2025-02-21 15:36:44,-4.24,54,clear sky
2025-02-21 15:43:38,-4.24,54,clear sky
2025-02-21 15:50:40,-4.24,54,clear sky
2025-02-21 15:57:42,-4.24,54,clear sky
2025-02-21 16:19:03,-2.93,36,few clouds
2025-02-21 16:37:45,-5.24,58,clear sky
2025-02-21 16:46:14,-5.24,58,clear sky
2025-02-21 16:53:19,-5.24,58,clear sky
2025-02-21 17:00:15,-5.24,58,clear sky
2025-02-21 17:17:38,-5.24,58,clear sky
2025-02-21 17:29:01,-5.24,63,clear sky
2025-02-21 17:36:29,-5.24,63,clear sky
2025-02-21 17:43:28,-5.24,63,clear sky
2025-02-21 17:50:34,-5.24,63,clear sky
2025-02-21 17:57:27,-5.24,63,clear sky
2025-02-21 18:19:47,-3.93,38,clear sky
2025-02-21 18:39:24,-6.24,73,clear sky
2025-02-21 18:48:12,-6.24,73,clear sky
2025-02-21 18:55:37,-6.24,73,clear sky
2025-02-21 19:08:39,-6.24,73,clear sky
2025-02-21 19:20:09,-4,38,clear sky
2025-02-21 19:27:02,-7.24,73,clear sky
2025-02-21 19:35:11,-7.24,73,clear sky
2025-02-21 19:42:04,-7.24,73,clear sky
2025-02-21 19:48:53,-7.24,73,clear sky
2025-02-21 19:56:01,-7.24,73,clear sky
2025-02-21 20:12:44,-7.24,73,clear sky
2025-02-21 20:28:13,-8.24,86,clear sky
2025-02-21 20:37:32,-8.24,86,clear sky
2025-02-21 20:44:16,-8.24,86,clear sky
2025-02-21 20:51:27,-8.24,86,clear sky
2025-02-21 20:58:29,-8.24,86,clear sky
2025-02-21 21:13:55,-8.24,86,clear sky
2025-02-21 21:24:47,-7.24,73,clear sky
2025-02-21 21:32:04,-7.24,73,clear sky
2025-02-21 21:39:09,-7.24,73,clear sky
2025-02-21 21:46:12,-7.24,73,clear sky
2025-02-21 21:53:17,-7.24,73,clear sky
2025-02-21 22:00:12,-7.24,73,clear sky
2025-02-21 22:19:05,-7.24,79,clear sky
2025-02-21 22:32:38,-7.24,79,clear sky
2025-02-21 22:41:00,-7.24,79,clear sky
2025-02-21 22:48:01,-7.24,79,clear sky
2025-02-21 22:55:12,-7.24,79,clear sky
2025-02-21 23:11:14,-4.52,41,clear sky
2025-02-21 23:26:12,-6.24,73,clear sky
2025-02-21 23:33:55,-6.24,73,clear sky
2025-02-21 23:41:08,-6.24,73,clear sky
2025-02-21 23:48:11,-6.24,73,clear sky
2025-02-21 23:54:56,-6.24,73,clear sky
2025-02-22 00:45:07,-3.24,59,clear sky
2025-02-22 02:04:23,-1.24,43,clear sky
2025-02-22 02:50:09,-0.24,34,clear sky
2025-02-22 03:08:58,-1.49,27,clear sky
2025-02-22 03:28:57,0.76,34,clear sky
2025-02-22 03:39:26,0.76,34,clear sky
2025-02-22 03:46:24,0.76,34,clear sky
2025-02-22 03:53:43,0.76,34,clear sky
2025-02-22 04:09:09,0.76,34,clear sky
2025-02-22 04:30:59,1.76,32,clear sky
2025-02-22 04:43:03,1.76,32,clear sky
2025-02-22 04:49:56,1.76,32,clear sky
2025-02-22 04:56:57,1.76,32,clear sky
2025-02-22 05:12:57,-0.41,25,clear sky
2025-02-22 05:29:00,0.76,34,clear sky
2025-02-22 05:37:49,0.76,34,clear sky
2025-02-22 05:44:55,0.76,34,clear sky
2025-02-22 05:52:06,0.76,34,clear sky
2025-02-22 05:59:10,0.76,34,clear sky
2025-02-22 06:25:50,0.76,37,clear sky
2025-02-22 06:42:11,0.76,37,clear sky
2025-02-22 06:50:22,0.76,37,clear sky
2025-02-22 06:57:17,0.76,37,clear sky
2025-02-22 07:12:09,0.76,37,clear sky
2025-02-22 07:23:33,0.76,37,clear sky
2025-02-22 07:30:28,0.76,37,clear sky
2025-02-22 07:37:58,0.76,37,clear sky
2025-02-22 07:45:02,0.76,37,clear sky
2025-02-22 07:52:10,0.76,37,clear sky
2025-02-22 07:59:16,0.76,37,clear sky
2025-02-22 08:21:06,-0.03,28,clear sky
2025-02-22 08:34:31,0.76,37,clear sky
2025-02-22 08:43:28,0.76,37,clear sky
2025-02-22 08:50:34,0.76,37,clear sky
2025-02-22 08:57:32,0.76,37,clear sky
2025-02-22 09:14:34,0.76,37,clear sky
2025-02-22 09:27:11,-1.24,47,clear sky
2025-02-22 09:34:42,-1.24,47,clear sky
2025-02-22 09:41:35,-1.24,47,clear sky
2025-02-22 09:48:56,-1.24,47,clear sky
2025-02-22 09:55:38,-1.24,47,clear sky
2025-02-22 10:10:35,-1.44,31,clear sky
2025-02-22 10:31:02,-1.24,51,clear sky
2025-02-22 10:42:43,-1.24,51,clear sky
2025-02-22 10:49:32,-1.24,51,clear sky
2025-02-22 10:56:21,-1.24,51,clear sky
2025-02-22 11:09:25,-2.26,34,clear sky
2025-02-22 11:20:16,-2.26,34,clear sky
2025-02-22 11:26:59,-2.26,34,clear sky
2025-02-22 11:35:10,-2.24,37,clear sky
2025-02-22 11:42:01,-2.24,37,clear sky
2025-02-22 11:49:09,-2.24,37,clear sky
2025-02-22 11:56:01,-2.24,37,clear sky
2025-02-22 12:19:59,-2.81,35,few clouds
2025-02-22 12:49:11,-4.24,42,clear sky
2025-02-22 13:04:52,-4.24,42,clear sky
2025-02-22 13:24:37,-5.24,46,clear sky
2025-02-22 13:32:00,-5.24,46,clear sky
2025-02-22 13:39:14,-5.24,46,clear sky
2025-02-22 13:46:21,-5.24,46,clear sky
2025-02-22 13:53:30,-5.24,46,clear sky
2025-02-22 14:00:29,-5.24,46,clear sky
2025-02-22 14:17:30,-5.24,50,clear sky
2025-02-22 14:30:03,-5.24,50,clear sky
2025-02-22 14:37:50,-5.24,50,clear sky
2025-02-22 14:44:54,-5.24,50,clear sky
2025-02-22 14:51:36,-5.24,50,clear sky
2025-02-22 14:58:27,-5.24,50,clear sky
2025-02-22 15:14:54,-5.24,50,clear sky
2025-02-22 15:27:30,-6.24,53,clear sky
2025-02-22 15:35:10,-6.24,53,clear sky
2025-02-22 15:42:04,-6.24,53,clear sky
2025-02-22 15:48:53,-6.24,53,clear sky
2025-02-22 15:56:01,-6.24,53,clear sky
2025-02-22 16:12:29,-3.59,40,scattered clouds
2025-02-22 16:30:55,-6.24,58,clear sky
2025-02-22 16:41:42,-6.24,58,clear sky
2025-02-22 16:48:47,-6.24,58,clear sky
2025-02-22 16:55:37,-6.24,58,clear sky
2025-02-22 17:09:49,-6.24,58,clear sky
2025-02-22 17:27:00,-8.24,62,clear sky
2025-02-22 17:35:49,-8.24,62,clear sky
2025-02-22 17:43:00,-8.24,62,clear sky
2025-02-22 17:50:12,-8.24,62,clear sky
2025-02-22 17:57:13,-8.24,62,clear sky
2025-02-22 18:16:58,-8.24,62,clear sky
2025-02-22 18:34:45,-7.24,58,clear sky
2025-02-22 18:43:53,-7.24,58,clear sky
2025-02-22 18:50:46,-7.24,58,clear sky
2025-02-22 18:57:38,-7.24,58,clear sky
2025-02-22 19:11:34,-7.24,58,clear sky
2025-02-22 19:21:07,-4.19,39,clear sky
2025-02-22 19:28:08,-9.24,67,clear sky
2025-02-22 19:35:47,-9.24,67,clear sky
2025-02-22 19:42:54,-9.24,67,clear sky
2025-02-22 19:49:54,-9.24,67,clear sky
2025-02-22 19:56:39,-9.24,67,clear sky
2025-02-22 20:12:50,-9.24,67,clear sky
2025-02-22 20:26:43,-8.24,67,clear sky
2025-02-22 20:34:35,-8.24,67,clear sky
2025-02-22 20:41:33,-8.24,67,clear sky
2025-02-22 20:48:36,-8.24,67,clear sky
2025-02-22 20:55:47,-8.24,67,clear sky
2025-02-22 21:10:26,-8.24,67,clear sky
2025-02-22 21:24:18,-8.24,67,clear sky
2025-02-22 21:31:32,-8.24,67,clear sky
2025-02-22 21:38:41,-8.24,67,clear sky
2025-02-22 21:45:47,-8.24,67,clear sky
2025-02-22 21:52:45,-8.24,67,clear sky
2025-02-22 21:59:41,-8.24,67,clear sky
2025-02-22 22:16:55,-4.86,37,clear sky
2025-02-22 22:30:35,-7.24,63,clear sky
2025-02-22 22:38:50,-7.24,63,clear sky
2025-02-22 22:45:29,-7.24,63,clear sky
2025-02-22 22:52:20,-7.24,63,clear sky
2025-02-22 22:59:06,-7.24,63,clear sky
2025-02-22 23:15:56,-4.93,37,clear sky
2025-02-22 23:26:15,-4.93,37,clear sky
2025-02-22 23:34:20,-5.24,58,clear sky
2025-02-22 23:41:16,-5.24,58,clear sky
2025-02-22 23:48:04,-5.24,58,clear sky
2025-02-22 23:55:02,-5.24,58,clear sky
2025-02-23 00:53:06,-3.24,43,clear sky
2025-02-23 02:14:32,-3.27,32,clear sky
2025-02-23 03:00:30,-1.24,37,clear sky
2025-02-23 03:26:54,-2.24,34,few clouds
2025-02-23 03:40:39,-2.24,34,few clouds
2025-02-23 03:47:52,-2.24,34,few clouds
2025-02-23 03:54:36,-2.24,34,few clouds
2025-02-23 04:10:49,-2.24,34,few clouds
2025-02-23 04:32:14,-0.24,32,few clouds
2025-02-23 04:43:37,-0.24,32,few clouds
2025-02-23 04:50:40,-0.24,32,few clouds
2025-02-23 04:57:25,-0.24,32,few clouds
2025-02-23 05:13:14,-1.47,25,clear sky
2025-02-23 05:29:35,-0.24,27,clear sky
2025-02-23 05:38:46,-0.24,27,clear sky
2025-02-23 05:45:40,-0.24,27,clear sky
2025-02-23 05:52:43,-0.24,27,clear sky
2025-02-23 05:59:48,-0.24,27,clear sky
2025-02-23 06:25:39,-0.24,29,clear sky
2025-02-23 06:40:11,-0.24,29,clear sky
2025-02-23 06:46:57,-0.24,29,clear sky
2025-02-23 06:54:06,-0.24,29,clear sky
2025-02-23 07:07:25,-0.24,29,clear sky
2025-02-23 07:22:56,-0.24,34,clear sky
2025-02-23 07:29:38,-0.24,34,clear sky
2025-02-23 07:37:09,-0.24,34,clear sky
2025-02-23 07:44:16,-0.24,34,clear sky
2025-02-23 07:51:27,-0.24,34,clear sky
2025-02-23 07:58:15,-0.24,34,clear sky
2025-02-23 08:19:45,-0.24,29,clear sky
2025-02-23 08:34:10,-0.24,29,clear sky
2025-02-23 08:44:18,-0.24,29,clear sky
2025-02-23 08:51:23,-0.24,29,clear sky
2025-02-23 08:58:18,-0.24,29,clear sky
2025-02-23 09:15:45,-2.42,29,clear sky
2025-02-23 09:29:14,-2.24,34,clear sky
2025-02-23 09:38:27,-2.24,34,clear sky
2025-02-23 09:45:13,-2.24,34,clear sky
2025-02-23 09:52:23,-2.24,34,clear sky
2025-02-23 09:59:25,-2.24,34,clear sky
2025-02-23 10:18:46,-3.24,36,clear sky
2025-02-23 10:33:35,-3.24,36,clear sky
2025-02-23 10:41:41,-3.24,36,clear sky
2025-02-23 10:48:53,-3.24,36,clear sky
2025-02-23 10:55:46,-3.24,36,clear sky
2025-02-23 11:09:27,-3.24,36,clear sky
2025-02-23 11:21:11,-4.24,42,clear sky
2025-02-23 11:28:12,-4.24,42,clear sky
2025-02-23 11:37:48,-4.24,42,clear sky
2025-02-23 11:44:24,-4.24,42,clear sky
2025-02-23 11:51:11,-4.24,42,clear sky
2025-02-23 11:58:07,-4.24,42,clear sky
2025-02-23 12:29:04,-5.24,50,clear sky
2025-02-23 12:55:05,-5.24,50,clear sky
2025-02-23 13:13:34,-3.88,39,clear sky
2025-02-23 13:27:39,-5.24,50,clear sky
2025-02-23 13:35:15,-5.24,50,clear sky
2025-02-23 13:42:12,-5.24,50,clear sky
2025-02-23 13:49:04,-5.24,50,clear sky
2025-02-23 13:56:10,-5.24,50,clear sky
2025-02-23 14:11:23,-5.24,50,clear sky
2025-02-23 14:27:50,-3.76,39,clear sky
2025-02-23 14:37:13,-6.24,53,clear sky
2025-02-23 14:44:01,-6.24,53,clear sky
2025-02-23 14:51:05,-6.24,53,clear sky
2025-02-23 14:57:51,-6.24,53,clear sky
2025-02-23 15:13:59,-3.63,39,clear sky
2025-02-23 15:26:26,-6.24,53,clear sky
2025-02-23 15:34:52,-6.24,53,clear sky
2025-02-23 15:41:41,-6.24,53,clear sky
2025-02-23 15:48:39,-6.24,53,clear sky
2025-02-23 15:55:32,-6.24,53,clear sky
2025-02-23 16:11:49,-3.61,39,clear sky
2025-02-23 16:30:38,-6.24,58,clear sky
2025-02-23 16:41:34,-6.24,58,clear sky
2025-02-23 16:48:22,-6.24,58,clear sky
2025-02-23 16:55:29,-6.24,58,clear sky
2025-02-23 17:09:43,-3.7,39,clear sky
2025-02-23 17:25:07,-8.24,62,clear sky
2025-02-23 17:34:25,-8.24,62,clear sky
2025-02-23 17:41:22,-8.24,62,clear sky
2025-02-23 17:48:27,-8.24,62,clear sky
2025-02-23 17:55:31,-8.24,62,clear sky
2025-02-23 18:13:27,-3.84,39,clear sky
2025-02-23 18:32:48,-8.24,67,clear sky
2025-02-23 18:42:54,-8.24,67,clear sky
2025-02-23 18:49:38,-8.24,67,clear sky
2025-02-23 18:56:35,-8.24,67,clear sky
2025-02-23 19:09:39,-8.24,67,clear sky
2025-02-23 19:19:40,-10.24,79,clear sky
2025-02-23 19:26:51,-10.24,79,clear sky
2025-02-23 19:34:48,-10.24,79,clear sky
2025-02-23 19:41:47,-10.24,79,clear sky
2025-02-23 19:48:54,-10.24,79,clear sky
2025-02-23 19:55:48,-10.24,79,clear sky
2025-02-23 20:11:35,-10.24,79,clear sky
2025-02-23 20:26:47,-10.24,73,clear sky
2025-02-23 20:36:15,-10.24,73,clear sky
2025-02-23 20:43:04,-10.24,73,clear sky
2025-02-23 20:49:51,-10.24,73,clear sky
2025-02-23 20:56:47,-10.24,73,clear sky
2025-02-23 21:11:30,-4.28,42,clear sky
2025-02-23 21:24:50,-9.24,73,clear sky
2025-02-23 21:32:21,-9.24,73,clear sky
2025-02-23 21:39:09,-9.24,73,clear sky
2025-02-23 21:46:05,-9.24,73,clear sky
2025-02-23 21:53:14,-9.24,73,clear sky
2025-02-23 22:00:15,-9.24,73,clear sky
2025-02-23 22:18:34,-4.35,43,clear sky
2025-02-23 22:31:43,-10.24,79,clear sky
2025-02-23 22:40:12,-10.24,79,clear sky
2025-02-23 22:47:08,-10.24,79,clear sky
2025-02-23 22:53:56,-10.24,79,clear sky
2025-02-23 23:07:04,-10.24,79,clear sky
2025-02-23 23:22:34,-4.24,43,clear sky
2025-02-23 23:29:22,-7.24,68,clear sky
2025-02-23 23:37:24,-7.24,68,clear sky
2025-02-23 23:44:21,-7.24,68,clear sky
2025-02-23 23:51:08,-7.24,68,clear sky
2025-02-23 23:58:07,-7.24,68,clear sky
2025-02-24 01:17:12,-2.72,37,clear sky
2025-02-24 02:34:43,0.76,32,clear sky
2025-02-24 03:05:59,0.76,32,clear sky
2025-02-24 03:32:55,1.76,30,clear sky
2025-02-24 03:45:35,1.76,30,clear sky
2025-02-24 03:52:16,1.76,30,clear sky
2025-02-24 03:59:19,1.76,30,clear sky
2025-02-24 04:22:29,2.76,30,clear sky
2025-02-24 04:37:32,2.76,30,clear sky
2025-02-24 04:45:15,2.76,30,clear sky
2025-02-24 04:52:07,2.76,30,clear sky
2025-02-24 04:58:54,2.76,30,clear sky
2025-02-24 05:17:29,1.22,24,clear sky
2025-02-24 05:32:15,3.76,33,clear sky
2025-02-24 05:41:33,3.76,33,clear sky
2025-02-24 05:48:35,3.76,33,clear sky
2025-02-24 05:55:34,3.76,33,clear sky
2025-02-24 06:17:09,1.87,24,clear sky
2025-02-24 06:41:07,3.76,33,clear sky
2025-02-24 06:50:35,3.76,33,clear sky
2025-02-24 06:57:19,3.76,33,clear sky
2025-02-24 07:14:38,3.76,33,clear sky
2025-02-24 07:27:00,3.76,30,clear sky
2025-02-24 07:34:55,3.76,30,clear sky
2025-02-24 07:41:48,3.76,30,clear sky
2025-02-24 07:48:59,3.76,30,clear sky
2025-02-24 07:56:09,3.76,30,clear sky
2025-02-24 08:16:55,2.31,25,clear sky
2025-02-24 08:37:18,3.76,30,clear sky
2025-02-24 08:48:21,3.76,30,clear sky
2025-02-24 08:55:13,3.76,30,clear sky
2025-02-24 09:12:17,1.87,27,clear sky
2025-02-24 09:29:53,1.76,35,clear sky
2025-02-24 09:39:55,1.76,35,clear sky
2025-02-24 09:46:57,1.76,35,clear sky
2025-02-24 09:53:44,1.76,35,clear sky
2025-02-24 10:09:07,1.76,35,clear sky
2025-02-24 10:32:18,0.76,40,clear sky
2025-02-24 10:43:56,0.76,40,clear sky
2025-02-24 10:50:52,0.76,40,clear sky
2025-02-24 10:58:00,0.76,40,clear sky
2025-02-24 11:13:32,0.54,35,clear sky
2025-02-24 11:24:35,0.76,60,clear sky
2025-02-24 11:32:10,0.76,60,clear sky
2025-02-24 11:39:27,0.76,60,clear sky
2025-02-24 11:46:28,0.76,60,clear sky
2025-02-24 11:53:32,0.76,60,clear sky
2025-02-24 12:13:28,0.11,38,clear sky
2025-02-24 12:52:42,0.76,64,clear sky
2025-02-24 13:15:45,-0.09,41,clear sky
2025-02-24 13:34:00,-0.24,69,clear sky
2025-02-24 13:43:07,-0.24,69,clear sky
2025-02-24 13:50:18,-0.24,69,clear sky
2025-02-24 13:57:20,-0.24,69,clear sky
2025-02-24 14:14:30,-0.26,42,clear sky
2025-02-24 14:32:37,-2.24,86,clear sky
2025-02-24 14:43:37,-2.24,86,clear sky
2025-02-24 14:50:21,-2.24,86,clear sky
2025-02-24 14:57:06,-2.24,86,clear sky
2025-02-24 15:16:26,-0.36,43,clear sky
2025-02-24 15:32:39,-5.24,93,clear sky
2025-02-24 15:42:56,-5.24,93,clear sky
2025-02-24 15:49:43,-5.24,93,clear sky
2025-02-24 15:56:35,-5.24,93,clear sky
2025-02-24 16:17:27,-5.24,93,clear sky
2025-02-24 16:40:15,-6.24,100,clear sky
2025-02-24 16:51:33,-6.24,100,clear sky
2025-02-24 16:58:23,-6.24,100,clear sky
2025-02-24 17:14:26,-6.24,100,clear sky
2025-02-24 17:28:36,-5.24,100,clear sky
2025-02-24 17:37:36,-5.24,100,clear sky
2025-02-24 17:44:22,-5.24,100,clear sky
2025-02-24 17:51:36,-5.24,100,clear sky
2025-02-24 17:58:38,-5.24,100,clear sky
2025-02-24 18:24:31,-0.47,57,few clouds
2025-02-24 18:42:01,-7.24,93,clear sky
2025-02-24 18:51:01,-7.24,93,clear sky
2025-02-24 18:58:08,-7.24,93,clear sky
2025-02-24 19:13:05,-0.5,65,few clouds
2025-02-24 19:23:21,-6.24,93,clear sky
2025-02-24 19:30:27,-6.24,93,clear sky
2025-02-24 19:38:32,-6.24,93,clear sky
2025-02-24 19:45:35,-6.24,93,clear sky
2025-02-24 19:52:39,-6.24,93,clear sky
2025-02-24 19:59:33,-6.24,93,clear sky
2025-02-24 20:21:32,-0.5,68,broken clouds
2025-02-24 20:33:44,-7.24,100,clear sky
2025-02-24 20:42:23,-7.24,100,clear sky
2025-02-24 20:49:30,-7.24,100,clear sky
2025-02-24 20:56:30,-7.24,100,clear sky
2025-02-24 21:12:04,-0.58,69,broken clouds
2025-02-24 21:25:30,-0.58,69,broken clouds
2025-02-24 21:34:22,-7.24,100,clear sky
2025-02-24 21:41:25,-7.24,100,clear sky
2025-02-24 21:48:32,-7.24,100,clear sky
2025-02-24 21:55:31,-7.24,100,clear sky
2025-02-24 22:10:41,-0.74,68,scattered clouds
2025-02-24 22:29:52,-6.24,100,clear sky
2025-02-24 22:40:16,-6.24,100,clear sky
2025-02-24 22:47:18,-6.24,100,clear sky
2025-02-24 22:54:25,-6.24,100,clear sky
2025-02-24 23:08:41,-0.53,66,scattered clouds
2025-02-24 23:24:21,-3.24,93,clear sky
2025-02-24 23:31:44,-3.24,93,clear sky
2025-02-24 23:39:19,-3.24,93,clear sky
2025-02-24 23:46:14,-3.24,93,clear sky
2025-02-24 23:53:02,-3.24,93,clear sky
2025-02-24 23:59:51,-3.24,93,clear sky
2025-02-25 01:38:15,3.76,60,clear sky
2025-02-25 02:42:46,3.76,60,broken clouds
2025-02-25 03:13:40,3.76,60,broken clouds
2025-02-25 03:35:11,5.76,52,broken clouds
2025-02-25 03:46:05,5.76,52,broken clouds
2025-02-25 03:53:05,5.76,52,broken clouds
2025-02-25 04:00:15,5.76,52,broken clouds
2025-02-25 04:24:56,4.76,56,broken clouds
2025-02-25 04:38:38,4.76,56,broken clouds
2025-02-25 04:45:47,4.76,56,broken clouds
2025-02-25 04:52:50,4.76,56,broken clouds
2025-02-25 04:59:51,4.76,56,broken clouds
2025-02-25 05:19:16,4.76,56,broken clouds
2025-02-25 05:33:24,4.76,60,broken clouds
2025-02-25 05:41:44,4.76,60,broken clouds
2025-02-25 05:48:41,4.76,60,broken clouds
2025-02-25 05:55:36,4.76,60,broken clouds
2025-02-25 06:16:03,4.69,53,overcast clouds
2025-02-25 06:39:19,4.76,65,broken clouds
2025-02-25 06:49:16,4.76,65,broken clouds
2025-02-25 06:56:03,4.76,65,broken clouds
2025-02-25 07:12:17,4.56,56,overcast clouds
2025-02-25 07:26:35,4.56,56,overcast clouds
2025-02-25 07:34:33,5.76,61,broken clouds
2025-02-25 07:41:31,5.76,61,broken clouds
2025-02-25 07:48:42,5.76,61,broken clouds
2025-02-25 07:55:51,5.76,61,broken clouds
2025-02-25 08:16:07,4.44,60,overcast clouds
2025-02-25 08:35:37,4.76,65,broken clouds
2025-02-25 08:47:13,4.76,65,broken clouds
2025-02-25 08:54:03,4.76,65,broken clouds
2025-02-25 09:08:58,3.84,66,overcast clouds
2025-02-25 09:28:08,4.76,70,broken clouds
2025-02-25 09:38:38,4.76,70,broken clouds
2025-02-25 09:45:43,4.76,70,broken clouds
2025-02-25 09:53:03,4.76,70,broken clouds
2025-02-25 09:59:52,4.76,70,broken clouds
2025-02-25 10:21:45,3.76,75,broken clouds
2025-02-25 10:38:52,3.76,75,broken clouds
2025-02-25 10:46:23,3.76,75,broken clouds
2025-02-25 10:53:24,3.76,75,broken clouds
2025-02-25 11:00:11,3.76,75,broken clouds
2025-02-25 11:17:33,3.15,76,broken clouds
2025-02-25 11:27:23,3.76,75,broken clouds
2025-02-25 11:35:56,3.76,75,broken clouds
2025-02-25 11:42:38,3.76,75,broken clouds
2025-02-25 11:49:36,3.76,75,broken clouds
2025-02-25 11:56:47,3.76,75,broken clouds
2025-02-25 12:27:30,3.76,81,scattered clouds
2025-02-25 12:58:50,3.76,81,scattered clouds
2025-02-25 13:25:14,1.76,93,scattered clouds
2025-02-25 13:38:54,1.76,93,scattered clouds
2025-02-25 13:45:57,1.76,93,scattered clouds
2025-02-25 13:53:15,1.76,93,scattered clouds
2025-02-25 14:00:21,1.76,93,scattered clouds
2025-02-25 14:20:14,2.47,86,clear sky
2025-02-25 14:37:03,1.76,93,scattered clouds
2025-02-25 14:45:12,1.76,93,scattered clouds
2025-02-25 14:52:02,1.76,93,scattered clouds
2025-02-25 14:59:00,1.76,93,scattered clouds
2025-02-25 15:20:03,2.3,87,clear sky
2025-02-25 15:34:34,2.76,93,scattered clouds
2025-02-25 15:43:43,2.76,93,scattered clouds
2025-02-25 15:50:49,2.76,93,scattered clouds
2025-02-25 15:57:36,2.76,93,scattered clouds
2025-02-25 16:19:47,2.15,88,clear sky
2025-02-25 16:41:11,2.76,93,mist
2025-02-25 16:51:42,2.76,93,mist
2025-02-25 16:58:45,2.76,93,mist
2025-02-25 17:18:31,1.9,90,clear sky
2025-02-25 17:34:52,2.76,100,mist
2025-02-25 17:43:18,2.76,100,mist
2025-02-25 17:50:17,2.76,100,mist
2025-02-25 17:57:27,2.76,100,mist
2025-02-25 18:20:49,1.15,82,clear sky
2025-02-25 18:41:10,2.76,100,mist
2025-02-25 18:50:52,2.76,100,mist
2025-02-25 18:57:48,2.76,100,mist
2025-02-25 19:12:55,2.76,100,mist
2025-02-25 19:23:45,1.76,100,mist
2025-02-25 19:30:56,1.76,100,mist
2025-02-25 19:38:34,1.76,100,mist
2025-02-25 19:45:27,1.76,100,mist
2025-02-25 19:52:27,1.76,100,mist
2025-02-25 19:59:23,1.76,100,mist
2025-02-25 20:20:13,0.19,69,clear sky
2025-02-25 20:33:06,-0.24,100,mist
2025-02-25 20:42:05,-0.24,100,mist
2025-02-25 20:49:11,-0.24,100,mist
2025-02-25 20:56:01,-0.24,100,mist
2025-02-25 21:11:30,-0.24,100,mist
2025-02-25 21:26:08,-1.24,93,fog
2025-02-25 21:34:34,-1.24,93,fog
2025-02-25 21:41:54,-1.24,93,fog
2025-02-25 21:49:02,-1.24,93,fog
2025-02-25 21:56:11,-1.24,93,fog
2025-02-25 22:11:49,-0.51,45,clear sky
2025-02-25 22:30:29,-4.24,100,fog
2025-02-25 22:41:07,-4.24,100,fog
2025-02-25 22:48:07,-4.24,100,fog
2025-02-25 22:55:06,-4.24,100,fog
2025-02-25 23:09:41,-4.24,100,fog
2025-02-25 23:24:44,-2.24,93,fog
2025-02-25 23:32:21,-2.24,93,fog
2025-02-25 23:39:32,-2.24,93,fog
2025-02-25 23:46:32,-2.24,93,fog
2025-02-25 23:53:36,-2.24,93,fog
2025-02-26 00:36:22,1.76,87,mist
2025-02-26 02:07:20,3.76,60,haze
2025-02-26 02:56:52,4.76,45,haze
2025-02-26 03:20:28,6.76,26,clear sky
2025-02-26 03:40:52,6.76,26,clear sky
2025-02-26 03:49:44,6.76,26,clear sky
2025-02-26 03:56:45,6.76,26,clear sky
2025-02-26 04:16:42,5.17,15,clear sky
2025-02-26 04:37:34,7.76,17,clear sky
2025-02-26 04:47:49,7.76,17,clear sky
2025-02-26 04:54:41,7.76,17,clear sky
2025-02-26 05:10:10,7.76,17,clear sky
2025-02-26 05:29:37,7.76,21,clear sky
2025-02-26 05:40:06,7.76,21,clear sky
2025-02-26 05:47:08,7.76,21,clear sky
2025-02-26 05:54:10,7.76,21,clear sky
2025-02-26 06:12:48,5.99,17,clear sky
2025-02-26 06:36:49,7.76,19,clear sky
2025-02-26 06:48:03,7.76,19,clear sky
2025-02-26 06:54:48,7.76,19,clear sky
2025-02-26 07:10:17,7.76,19,clear sky
2025-02-26 07:25:03,7.76,18,clear sky
2025-02-26 07:33:01,7.76,18,clear sky
2025-02-26 07:40:09,7.76,18,clear sky
2025-02-26 07:47:09,7.76,18,clear sky
2025-02-26 07:54:16,7.76,18,clear sky
2025-02-26 08:12:07,5.22,23,clear sky
2025-02-26 08:34:04,6.76,19,clear sky
2025-02-26 08:46:41,6.76,19,clear sky
2025-02-26 08:53:46,6.76,19,clear sky
2025-02-26 09:08:55,6.76,19,clear sky
2025-02-26 09:28:04,4.76,22,clear sky
2025-02-26 09:38:25,4.76,22,clear sky
2025-02-26 09:45:26,4.76,22,clear sky
2025-02-26 09:52:27,4.76,22,clear sky
2025-02-26 09:59:28,4.76,22,clear sky
2025-02-26 10:20:24,3.39,33,clear sky
2025-02-26 10:38:11,2.76,23,clear sky
2025-02-26 10:46:11,2.76,23,clear sky
2025-02-26 10:53:06,2.76,23,clear sky
2025-02-26 10:59:54,2.76,23,clear sky
2025-02-26 11:17:17,2.78,40,clear sky
2025-02-26 11:27:19,1.76,27,clear sky
2025-02-26 11:35:22,1.76,27,clear sky
2025-02-26 11:42:09,1.76,27,clear sky
2025-02-26 11:48:59,1.76,27,clear sky
2025-02-26 11:55:58,1.76,27,clear sky
2025-02-26 12:22:59,2.2,47,clear sky
2025-02-26 12:55:59,0.76,37,clear sky
2025-02-26 13:20:15,-0.24,40,clear sky
2025-02-26 13:36:10,-0.24,40,clear sky
2025-02-26 13:43:54,-0.24,40,clear sky
2025-02-26 13:51:08,-0.24,40,clear sky
2025-02-26 13:58:11,-0.24,40,clear sky
2025-02-26 14:16:04,1.11,54,clear sky
2025-02-26 14:33:23,-1.24,51,clear sky
2025-02-26 14:44:06,-1.24,51,clear sky
2025-02-26 14:51:20,-1.24,51,clear sky
2025-02-26 14:58:11,-1.24,51,clear sky
2025-02-26 15:18:26,0.74,57,clear sky
2025-02-26 15:34:12,-4.24,68,clear sky
2025-02-26 15:44:18,-4.24,68,clear sky
2025-02-26 15:51:12,-4.24,68,clear sky
2025-02-26 15:58:06,-4.24,68,clear sky
2025-02-26 16:20:46,0.52,59,clear sky
2025-02-26 16:41:36,-4.24,74,clear sky
2025-02-26 16:52:03,-4.24,74,clear sky
2025-02-26 16:58:54,-4.24,74,clear sky
2025-02-26 17:16:19,0.3,59,clear sky
2025-02-26 17:30:40,-5.24,63,clear sky
2025-02-26 17:40:09,-5.24,63,clear sky
2025-02-26 17:47:18,-5.24,63,clear sky
2025-02-26 17:54:20,-5.24,63,clear sky
2025-02-26 18:12:18,-5.24,63,clear sky
2025-02-26 18:36:15,0.16,58,clear sky
2025-02-26 18:48:13,0.05,55,clear sky
2025-02-26 18:55:18,0.15,57,clear sky
2025-02-26 19:08:36,0.05,55,clear sky
2025-02-26 19:21:00,0.15,57,clear sky
2025-02-26 19:27:58,0.15,57,clear sky
2025-02-26 19:36:37,0.15,57,clear sky
2025-02-26 19:43:54,0.07,56,clear sky
2025-02-26 19:50:47,0.07,56,clear sky
2025-02-26 19:57:48,-6.24,73,clear sky
2025-02-26 20:17:22,-6.24,73,clear sky
2025-02-26 20:31:35,-6.24,73,clear sky
2025-02-26 20:41:26,-6.24,73,clear sky
2025-02-26 20:48:45,-6.24,73,clear sky
2025-02-26 20:55:49,-6.24,73,clear sky
2025-02-26 21:11:16,-6.24,73,clear sky
2025-02-26 21:25:56,-6.24,79,clear sky
2025-02-26 21:34:12,-6.24,79,clear sky
2025-02-26 21:41:00,-6.24,79,clear sky
2025-02-26 21:48:07,-6.24,79,clear sky
2025-02-26 21:55:07,-6.24,79,clear sky
2025-02-26 22:10:01,-6.24,79,clear sky
2025-02-26 22:29:39,-6.24,86,clear sky
2025-02-26 22:40:20,-6.24,86,clear sky
2025-02-26 22:47:20,-6.24,86,clear sky
2025-02-26 22:54:27,-6.24,86,clear sky
2025-02-26 23:08:43,-6.24,86,clear sky
2025-02-26 23:26:03,-4.24,80,clear sky
2025-02-26 23:35:48,-4.24,80,clear sky
2025-02-26 23:42:48,-4.24,80,clear sky
2025-02-26 23:49:49,-4.24,80,clear sky
2025-02-26 23:56:35,-4.24,80,clear sky
2025-02-27 01:03:35,2.76,60,clear sky
2025-02-27 02:23:00,8.76,25,clear sky
2025-02-27 03:02:45,8.76,25,clear sky
2025-02-27 03:31:17,9.76,16,clear sky
2025-02-27 03:45:53,9.76,16,clear sky
2025-02-27 03:52:51,9.76,16,clear sky
2025-02-27 03:59:41,9.76,16,clear sky
2025-02-27 04:23:33,11.76,13,clear sky
2025-02-27 04:38:52,11.76,13,clear sky
2025-02-27 04:47:15,11.76,13,clear sky
2025-02-27 04:54:22,11.76,13,clear sky
2025-02-27 05:09:21,11.76,13,clear sky
2025-02-27 05:30:24,12.76,11,clear sky
2025-02-27 05:41:25,12.76,11,clear sky
2025-02-27 05:48:37,12.76,11,clear sky
2025-02-27 05:55:21,12.76,11,clear sky
2025-02-27 06:15:46,9.44,14,few clouds
2025-02-27 06:39:29,12.76,11,few clouds
2025-02-27 06:49:52,12.76,11,few clouds
2025-02-27 06:56:56,12.76,11,few clouds
2025-02-27 07:13:28,12.76,11,few clouds
2025-02-27 07:26:33,12.76,13,clear sky
2025-02-27 07:34:51,12.76,13,clear sky
2025-02-27 07:41:56,12.76,13,clear sky
2025-02-27 07:49:02,12.76,13,clear sky
2025-02-27 07:56:05,12.76,13,clear sky
2025-02-27 08:15:55,11.76,16,clear sky
2025-02-27 08:35:30,11.76,16,clear sky
2025-02-27 08:46:58,11.76,16,clear sky
2025-02-27 08:54:10,11.76,16,clear sky
2025-02-27 09:08:57,11.76,16,clear sky
2025-02-27 09:27:59,10.76,19,clear sky
2025-02-27 09:38:19,10.76,19,clear sky
2025-02-27 09:45:17,10.76,19,clear sky
2025-02-27 09:52:27,10.76,19,clear sky
2025-02-27 09:59:19,10.76,19,clear sky
2025-02-27 10:20:13,7.7,16,broken clouds
2025-02-27 10:38:01,6.76,31,clear sky
2025-02-27 10:46:18,6.76,31,clear sky
2025-02-27 10:53:21,6.76,31,clear sky
2025-02-27 11:00:08,6.76,31,clear sky
2025-02-27 11:17:19,6.76,31,clear sky
2025-02-27 11:26:41,2.76,41,clear sky
2025-02-27 11:35:23,2.76,41,clear sky
2025-02-27 11:42:20,2.76,41,clear sky
2025-02-27 11:49:16,2.76,41,clear sky
2025-02-27 11:58:03,2.76,41,clear sky
2025-02-27 12:25:16,2.76,41,clear sky
2025-02-27 12:57:36,2.76,41,clear sky
2025-02-27 13:23:17,5.92,17,overcast clouds
2025-02-27 13:38:08,-0.24,51,clear sky
2025-02-27 13:45:20,-0.24,51,clear sky
2025-02-27 13:52:22,-0.24,51,clear sky
2025-02-27 13:59:06,-0.24,51,clear sky
2025-02-27 14:18:02,5.29,18,overcast clouds
2025-02-27 14:34:43,-0.24,59,clear sky
2025-02-27 14:44:17,-0.24,59,clear sky
2025-02-27 14:51:11,-0.24,59,clear sky
2025-02-27 14:57:57,-0.24,59,clear sky
2025-02-27 15:18:12,4.62,21,broken clouds
2025-02-27 15:33:13,0.76,60,broken clouds
2025-02-27 15:41:35,0.76,60,broken clouds
2025-02-27 15:48:56,0.76,60,broken clouds
2025-02-27 15:56:11,0.76,60,broken clouds
2025-02-27 16:16:20,4.18,23,broken clouds
2025-02-27 16:39:45,-0.24,69,broken clouds
2025-02-27 16:50:50,-0.24,69,broken clouds
2025-02-27 16:57:54,-0.24,69,broken clouds
2025-02-27 17:14:26,3.83,25,broken clouds
2025-02-27 17:30:20,0.76,75,broken clouds
2025-02-27 17:40:09,0.76,75,broken clouds
2025-02-27 17:47:00,0.76,75,broken clouds
2025-02-27 17:54:16,0.76,75,broken clouds
2025-02-27 18:12:20,0.76,75,broken clouds
2025-02-27 18:36:31,0.76,64,broken clouds
2025-02-27 18:48:27,0.76,64,broken clouds
2025-02-27 18:55:23,0.76,64,broken clouds
2025-02-27 19:08:42,0.76,64,broken clouds
2025-02-27 19:21:15,-0.24,64,scattered clouds
2025-02-27 19:28:13,-0.24,64,scattered clouds
2025-02-27 19:36:44,-0.24,64,scattered clouds
2025-02-27 19:43:49,-0.24,64,scattered clouds
2025-02-27 19:50:59,-0.24,64,scattered clouds
2025-02-27 19:57:59,-0.24,64,scattered clouds
2025-02-27 20:17:50,-0.24,64,scattered clouds
2025-02-27 20:31:54,-0.24,69,broken clouds
2025-02-27 20:41:53,-0.24,69,broken clouds
2025-02-27 20:48:54,-0.24,69,broken clouds
2025-02-27 20:56:02,-0.24,69,broken clouds
2025-02-27 21:11:29,-0.24,80,broken clouds
2025-02-27 21:26:05,-0.24,80,broken clouds
2025-02-27 21:34:54,-0.24,80,broken clouds
2025-02-27 21:41:55,-0.24,80,broken clouds
2025-02-27 21:48:55,-0.24,80,broken clouds
2025-02-27 21:56:05,-0.24,80,broken clouds
2025-02-27 22:13:03,3.61,41,broken clouds
2025-02-27 22:32:05,1.76,64,broken clouds
2025-02-27 22:42:40,1.76,64,broken clouds
2025-02-27 22:49:43,1.76,64,broken clouds
2025-02-27 22:56:45,1.76,64,broken clouds
2025-02-27 23:13:25,1.76,64,broken clouds
2025-02-27 23:27:07,1.76,75,broken clouds
2025-02-27 23:35:27,1.76,75,broken clouds
2025-02-27 23:42:38,1.76,75,broken clouds
2025-02-27 23:49:39,1.76,75,broken clouds
2025-02-27 23:56:21,1.76,75,broken clouds
2025-02-28 01:02:10,4.76,52,broken clouds
2025-02-28 02:22:52,5.45,45,overcast clouds
2025-02-28 03:02:53,9.76,40,broken clouds
2025-02-28 03:31:20,10.76,58,broken clouds
2025-02-28 03:45:24,10.76,58,broken clouds
2025-02-28 03:52:10,10.76,58,broken clouds
2025-02-28 03:59:13,10.76,58,broken clouds
2025-02-28 04:22:38,10.76,62,broken clouds
2025-02-28 04:38:28,10.76,62,broken clouds
2025-02-28 04:46:39,10.76,62,broken clouds
2025-02-28 04:53:34,10.76,62,broken clouds
2025-02-28 05:07:50,10.76,62,broken clouds
2025-02-28 05:29:55,10.76,62,broken clouds
2025-02-28 05:41:05,10.76,62,broken clouds
2025-02-28 05:48:06,10.76,62,broken clouds
2025-02-28 05:55:18,10.76,62,broken clouds
2025-02-28 06:15:21,8.69,60,overcast clouds
2025-02-28 06:38:32,11.76,58,broken clouds
2025-02-28 06:48:54,11.76,58,broken clouds
2025-02-28 06:56:06,11.76,58,broken clouds
2025-02-28 07:12:30,11.76,58,broken clouds
2025-02-28 07:26:13,11.76,58,broken clouds
2025-02-28 07:34:01,11.76,58,broken clouds
2025-02-28 07:40:56,11.76,58,broken clouds
2025-02-28 07:47:58,11.76,58,broken clouds
2025-02-28 07:54:57,11.76,58,broken clouds
2025-02-28 08:13:31,10.76,66,scattered clouds
2025-02-28 08:33:13,10.76,66,scattered clouds
2025-02-28 08:45:00,10.76,66,scattered clouds
2025-02-28 08:52:10,10.76,66,scattered clouds
2025-02-28 08:58:58,10.76,66,scattered clouds
2025-02-28 09:19:26,8.65,65,clear sky
2025-02-28 09:31:50,9.76,71,clear sky
2025-02-28 09:40:45,9.76,71,clear sky
2025-02-28 09:47:37,9.76,71,clear sky
2025-02-28 09:54:42,9.76,71,clear sky
2025-02-28 10:10:24,9.76,71,clear sky
2025-02-28 10:32:06,4.76,87,clear sky
2025-02-28 10:43:14,4.76,87,clear sky
2025-02-28 10:50:17,4.76,87,clear sky
2025-02-28 10:57:20,4.76,87,clear sky
2025-02-28 11:12:16,4.76,87,clear sky
2025-02-28 11:23:54,4.76,100,clear sky
2025-02-28 11:31:15,4.76,100,clear sky
2025-02-28 11:39:10,4.76,100,clear sky
2025-02-28 11:46:10,4.76,100,clear sky
2025-02-28 11:53:17,4.76,100,clear sky
2025-02-28 12:00:21,4.76,100,clear sky
2025-02-28 12:41:08,3.76,100,clear sky
2025-02-28 13:03:35,3.76,100,clear sky
2025-02-28 13:29:34,6.05,74,clear sky
2025-02-28 13:40:12,3.76,100,mist
2025-02-28 13:47:13,3.76,100,mist
2025-02-28 13:54:20,3.76,100,mist
2025-02-28 14:08:46,0.76,100,mist
2025-02-28 14:29:12,0.76,100,mist
2025-02-28 14:40:33,0.76,100,mist
2025-02-28 14:47:53,0.76,100,mist
2025-02-28 14:54:53,0.76,100,mist
2025-02-28 15:10:29,0.76,100,fog
2025-02-28 15:28:58,0.76,100,fog
2025-02-28 15:39:14,0.76,100,fog
2025-02-28 15:46:06,0.76,100,fog
2025-02-28 15:53:13,0.76,100,fog
2025-02-28 16:00:15,0.76,100,fog
2025-02-28 16:26:42,-1.24,100,fog
2025-02-28 16:42:53,-1.24,100,fog
2025-02-28 16:50:29,-0.24,93,fog
2025-02-28 16:57:40,-0.24,93,fog
2025-02-28 17:13:13,-0.24,93,fog
2025-02-28 17:28:43,-0.24,100,fog
2025-02-28 17:38:24,-0.24,100,fog
2025-02-28 17:45:10,-0.24,100,fog
2025-02-28 17:52:01,-0.24,100,fog
2025-02-28 17:58:48,-0.24,100,fog
2025-02-28 18:24:55,3.88,81,few clouds
2025-02-28 18:42:19,-1.24,100,fog
2025-02-28 18:50:44,-1.24,100,fog
2025-02-28 18:57:34,-1.24,100,fog
2025-02-28 19:13:42,-0.24,100,fog
2025-02-28 19:25:07,-0.24,100,fog
2025-02-28 19:33:01,-0.24,100,fog
2025-02-28 19:39:59,-0.24,100,fog
2025-02-28 19:47:09,-0.24,100,fog
2025-02-28 19:54:20,-0.24,100,fog
2025-02-28 20:09:50,-0.24,100,fog
2025-02-28 20:28:15,-0.24,100,fog
2025-02-28 20:39:02,-0.24,100,fog
2025-02-28 20:45:52,-0.24,100,fog
2025-02-28 20:53:11,-0.24,100,fog
2025-02-28 21:00:18,-0.24,100,fog
2025-02-28 21:18:48,3.56,79,overcast clouds
2025-02-28 21:29:12,-1.24,100,fog
2025-02-28 21:36:51,-1.24,100,fog
2025-02-28 21:43:38,-1.24,100,fog
2025-02-28 21:50:30,-1.24,100,fog
2025-02-28 21:57:34,-1.24,100,fog
2025-02-28 22:14:13,3.51,77,overcast clouds
2025-02-28 22:31:21,-1.24,100,fog
2025-02-28 22:41:24,-0.24,100,fog
2025-02-28 22:48:07,-0.24,100,fog
2025-02-28 22:54:54,-0.24,93,fog
2025-02-28 23:09:19,-0.24,93,fog
2025-02-28 23:24:32,-0.24,100,fog
2025-02-28 23:32:13,-0.24,100,fog
2025-02-28 23:39:38,-0.24,100,fog
2025-02-28 23:46:35,-0.24,100,fog
2025-02-28 23:53:39,-0.24,100,fog
2025-03-01 00:39:57,1.76,100,mist
2025-03-01 02:14:24,8.76,71,overcast clouds
2025-03-01 03:05:22,8.76,71,mist
2025-03-01 03:36:05,13.76,44,overcast clouds
2025-03-01 03:48:56,13.76,44,haze
2025-03-01 03:55:43,13.76,44,haze
2025-03-01 04:13:41,13.76,44,haze
2025-03-01 04:31:57,12.76,47,haze
2025-03-01 04:42:30,12.76,47,haze
2025-03-01 04:49:29,12.76,47,haze
2025-03-01 04:56:35,12.76,47,haze
2025-03-01 05:12:43,12.76,47,haze
2025-03-01 05:29:13,11.76,54,light rain
2025-03-01 05:38:27,11.76,54,moderate rain
2025-03-01 05:45:22,11.76,54,moderate rain
2025-03-01 05:52:18,11.76,54,moderate rain
2025-03-01 05:59:08,11.76,54,moderate rain
2025-03-01 06:25:23,10.76,82,moderate rain
2025-03-01 06:41:49,10.76,82,moderate rain
2025-03-01 06:49:40,10.76,82,moderate rain
2025-03-01 06:56:51,10.76,82,broken clouds
2025-03-01 07:12:15,10.76,82,broken clouds
2025-03-01 07:25:09,11.76,66,overcast clouds
2025-03-01 07:32:45,11.76,66,overcast clouds
2025-03-01 07:39:54,11.76,66,haze
2025-03-01 07:47:06,11.76,66,haze
2025-03-01 07:53:57,11.76,66,haze
2025-03-01 08:10:06,12.78,54,haze
2025-03-01 08:30:42,11.76,62,haze
2025-03-01 08:42:41,11.76,62,haze
2025-03-01 08:49:43,11.76,62,haze
2025-03-01 08:56:43,11.76,62,haze
2025-03-01 09:13:04,11.76,62,haze
2025-03-01 09:27:09,10.76,71,overcast clouds
2025-03-01 09:35:42,10.76,71,haze
2025-03-01 09:42:47,10.76,71,haze
2025-03-01 09:49:52,10.76,71,haze
2025-03-01 09:56:38,10.76,71,haze
2025-03-01 10:12:51,7.63,64,overcast clouds
2025-03-01 10:30:56,9.76,76,broken clouds
2025-03-01 10:40:44,9.76,76,broken clouds
2025-03-01 10:47:46,9.76,76,broken clouds
2025-03-01 10:54:32,9.76,76,broken clouds
2025-03-01 11:06:58,9.76,76,broken clouds
2025-03-01 11:19:33,7.58,65,overcast clouds
2025-03-01 11:26:42,7.58,65,overcast clouds
2025-03-01 11:35:56,7.76,81,broken clouds
2025-03-01 11:42:40,7.76,81,broken clouds
2025-03-01 11:49:52,7.76,81,broken clouds
2025-03-01 11:56:55,7.76,81,broken clouds
2025-03-01 12:24:56,5.76,100,mist
2025-03-01 12:52:48,5.76,100,mist
2025-03-01 13:11:21,7.59,62,overcast clouds
2025-03-01 13:27:55,6.76,93,mist
2025-03-01 13:36:21,6.76,93,mist
2025-03-01 13:43:16,6.76,93,mist
2025-03-01 13:50:28,6.76,93,mist
2025-03-01 13:57:16,6.76,93,mist
2025-03-01 14:12:18,6.76,93,mist
2025-03-01 14:29:05,6.76,87,mist
2025-03-01 14:38:18,6.76,87,mist
2025-03-01 14:45:05,6.76,87,mist
2025-03-01 14:51:58,6.76,87,mist
2025-03-01 14:58:58,6.76,87,mist
2025-03-01 15:17:57,7.43,53,broken clouds
2025-03-01 15:30:53,3.76,100,mist
2025-03-01 15:39:26,3.76,100,mist
2025-03-01 15:46:29,3.76,100,mist
2025-03-01 15:53:35,3.76,100,mist
2025-03-01 16:07:22,3.76,100,mist
2025-03-01 16:29:28,3.76,100,mist
2025-03-01 16:41:32,3.76,100,mist
2025-03-01 16:48:25,3.76,100,mist
2025-03-01 16:55:07,3.76,100,mist
2025-03-01 17:08:14,3.76,100,mist
2025-03-01 17:24:26,3.76,100,mist
2025-03-01 17:32:09,3.76,100,mist
2025-03-01 17:39:04,3.76,100,mist
2025-03-01 17:45:53,3.76,100,mist
2025-03-01 17:52:52,3.76,100,mist
2025-03-01 17:59:39,3.76,100,mist
2025-03-01 18:24:36,6.47,56,broken clouds
2025-03-01 18:39:05,3.76,100,mist
2025-03-01 18:46:23,3.76,100,mist
2025-03-01 18:53:41,3.76,100,mist
2025-03-01 19:01:37,3.76,100,mist
2025-03-01 19:16:58,4.76,100,mist
2025-03-01 19:23:53,4.76,100,mist
2025-03-01 19:31:13,4.76,100,mist
2025-03-01 19:38:23,4.76,100,mist
2025-03-01 19:45:32,4.76,100,mist
2025-03-01 19:52:31,4.76,100,mist
2025-03-01 19:59:17,4.76,100,mist
2025-03-01 20:18:41,7.26,53,overcast clouds
2025-03-01 20:30:16,5.76,93,mist
2025-03-01 20:38:36,5.76,93,mist
2025-03-01 20:45:40,5.76,93,mist
2025-03-01 20:52:48,5.76,93,mist
2025-03-01 20:59:35,5.76,93,mist
2025-03-01 21:16:38,7.18,51,overcast clouds
2025-03-01 21:28:41,4.76,100,mist
2025-03-01 21:35:46,4.76,100,mist
2025-03-01 21:42:47,4.76,100,mist
2025-03-01 21:49:53,4.76,100,mist
2025-03-01 21:56:37,4.76,100,mist
2025-03-01 22:11:42,4.76,100,mist
2025-03-01 22:29:02,7.16,51,overcast clouds
2025-03-01 22:38:35,4.76,100,mist
2025-03-01 22:45:34,4.76,100,mist
2025-03-01 22:52:26,4.76,100,mist
2025-03-01 22:59:32,4.76,100,mist
2025-03-01 23:18:32,7.21,50,overcast clouds
2025-03-01 23:29:16,5.76,87,mist
2025-03-01 23:36:53,5.76,87,mist
2025-03-01 23:43:51,5.76,87,mist
2025-03-01 23:51:04,5.76,87,mist
2025-03-01 23:58:01,5.76,87,mist
2025-03-02 01:19:41,7.87,51,overcast clouds
2025-03-02 02:37:22,10.76,62,light rain
2025-03-02 03:08:28,10.76,62,broken clouds
2025-03-02 03:35:14,12.76,54,broken clouds
2025-03-02 03:46:57,12.76,54,broken clouds
2025-03-02 03:53:46,12.76,54,broken clouds
2025-03-02 04:09:04,14.76,41,clear sky
2025-03-02 04:29:27,14.76,41,clear sky
2025-03-02 04:40:27,14.76,41,clear sky
2025-03-02 04:47:33,14.76,41,clear sky
2025-03-02 04:54:32,14.76,41,clear sky
2025-03-02 05:09:00,14.76,41,clear sky
2025-03-02 05:29:13,8.99,45,overcast clouds
2025-03-02 05:39:19,13.76,41,clear sky
2025-03-02 05:46:15,13.76,41,clear sky
2025-03-02 05:53:27,13.76,41,clear sky
2025-03-02 06:00:51,13.76,41,clear sky
2025-03-02 06:29:30,13.76,35,overcast clouds
2025-03-02 06:43:45,13.76,35,moderate rain
2025-03-02 06:50:36,13.76,35,moderate rain
2025-03-02 06:57:28,13.76,35,moderate rain
2025-03-02 07:12:58,8.09,64,moderate rain
2025-03-02 07:24:58,10.76,62,moderate rain
2025-03-02 07:32:48,10.76,62,moderate rain
2025-03-02 07:39:41,10.76,62,moderate rain
2025-03-02 07:46:41,10.76,62,moderate rain
2025-03-02 07:53:41,10.76,62,moderate rain
2025-03-02 08:09:17,10.76,62,moderate rain
2025-03-02 08:29:35,7.76,93,moderate rain
2025-03-02 08:40:48,7.76,93,moderate rain
2025-03-02 08:47:49,7.76,93,moderate rain
2025-03-02 08:54:57,7.76,93,moderate rain
2025-03-02 09:09:33,7.76,93,moderate rain
2025-03-02 09:26:52,6.76,100,heavy intensity rain
2025-03-02 09:35:28,6.76,100,moderate rain
2025-03-02 09:42:31,6.76,100,moderate rain
2025-03-02 09:49:19,6.76,100,moderate rain
2025-03-02 09:56:19,6.76,100,moderate rain
2025-03-02 10:13:03,4.57,84,moderate rain
2025-03-02 10:31:12,5.76,93,moderate rain
2025-03-02 10:41:01,5.76,93,moderate rain
2025-03-02 10:48:16,5.76,93,moderate rain
2025-03-02 10:55:17,5.76,93,moderate rain
2025-03-02 11:08:50,5.76,93,moderate rain
2025-03-02 11:21:04,4.76,93,moderate rain
2025-03-02 11:27:45,4.76,93,moderate rain
2025-03-02 11:36:02,4.76,93,light rain
2025-03-02 11:42:49,4.76,93,light rain
2025-03-02 11:49:40,4.76,93,moderate rain
2025-03-02 11:56:33,4.76,93,moderate rain
2025-03-02 12:22:08,3.93,81,light rain
2025-03-02 12:50:32,4.76,87,moderate rain
2025-03-02 13:09:38,4.76,87,light rain
2025-03-02 13:27:10,2.88,80,moderate rain
2025-03-02 13:35:23,3.76,93,light rain
2025-03-02 13:42:23,3.76,93,light rain
2025-03-02 13:49:23,3.76,93,light rain
2025-03-02 13:56:08,3.76,93,light rain
2025-03-02 14:10:44,2.06,82,moderate rain
2025-03-02 14:28:10,2.06,82,light rain
2025-03-02 14:37:31,2.76,93,moderate rain
2025-03-02 14:44:37,2.76,93,moderate rain
2025-03-02 14:51:52,2.76,93,moderate rain
2025-03-02 14:58:42,2.76,93,moderate rain
2025-03-02 15:16:52,1,93,snow
2025-03-02 15:29:14,2.76,93,moderate rain
2025-03-02 15:37:58,2.76,93,moderate rain
2025-03-02 15:44:39,2.76,93,moderate rain
2025-03-02 15:51:57,2.76,93,moderate rain
2025-03-02 15:59:00,2.76,93,moderate rain
2025-03-02 16:21:10,2.76,93,light rain
2025-03-02 16:36:49,2.76,93,moderate rain
2025-03-02 16:45:11,2.76,93,moderate rain
2025-03-02 16:51:57,2.76,93,moderate rain
2025-03-02 16:59:04,2.76,93,moderate rain
2025-03-02 17:14:40,0.46,100,snow
2025-03-02 17:28:15,2.76,93,moderate rain
2025-03-02 17:36:40,2.76,93,moderate rain
2025-03-02 17:43:26,2.76,93,moderate rain
2025-03-02 17:50:28,2.76,93,moderate rain
2025-03-02 17:57:11,2.76,93,moderate rain
2025-03-02 18:19:01,1.76,100,moderate rain
2025-03-02 18:39:18,1.76,100,light rain
2025-03-02 18:48:22,1.76,100,light rain
2025-03-02 18:55:22,1.76,100,light rain
2025-03-02 19:07:49,1.76,100,light rain
2025-03-02 19:19:04,0.25,98,snow
2025-03-02 19:25:45,0.25,98,snow
2025-03-02 19:33:32,1.76,100,moderate rain
2025-03-02 19:40:15,1.76,100,moderate rain
2025-03-02 19:47:14,1.76,100,light rain
2025-03-02 19:54:13,1.76,100,moderate rain
2025-03-02 20:08:34,1.76,100,light rain
2025-03-02 20:25:29,0.76,100,moderate rain
2025-03-02 20:33:31,0.76,100,light rain
2025-03-02 20:42:01,0.76,100,light rain
2025-03-02 20:48:55,0.76,100,moderate rain
2025-03-02 20:56:14,0.76,100,light rain
2025-03-02 21:11:22,0.76,100,moderate rain
2025-03-02 21:24:35,0.76,100,snow
2025-03-02 21:32:04,0.76,100,snow
2025-03-02 21:39:01,0.76,100,snow
2025-03-02 21:45:50,0.76,100,snow
2025-03-02 21:52:45,0.76,100,snow
2025-03-02 21:59:34,0.76,100,snow
2025-03-02 22:18:12,0.76,100,snow
2025-03-02 22:32:03,0.76,100,light snow
2025-03-02 22:41:23,0.76,100,snow
2025-03-02 22:48:14,0.76,100,overcast clouds
2025-03-02 22:55:12,0.76,100,overcast clouds
2025-03-02 23:09:31,0.76,100,overcast clouds
2025-03-02 23:24:11,1.76,93,broken clouds
2025-03-02 23:31:25,1.76,93,mist
2025-03-02 23:39:20,1.76,93,mist
2025-03-02 23:46:23,1.76,93,mist
2025-03-02 23:53:25,1.76,93,mist
2025-03-03 00:37:04,2.76,81,broken clouds
2025-03-03 02:10:41,3.76,65,broken clouds
2025-03-03 03:01:42,4.76,65,clear sky
2025-03-03 03:31:35,5.76,56,clear sky
2025-03-03 03:46:40,5.76,56,clear sky
2025-03-03 03:54:23,5.76,56,clear sky
2025-03-03 04:12:36,5.76,56,clear sky
2025-03-03 04:33:22,6.76,57,clear sky
2025-03-03 04:45:30,6.76,57,clear sky
2025-03-03 04:52:34,6.76,57,clear sky
2025-03-03 04:59:38,6.76,57,clear sky
2025-03-03 05:19:32,6.78,49,scattered clouds
2025-03-03 05:34:32,6.76,57,clear sky
2025-03-03 05:43:03,6.76,57,clear sky
2025-03-03 05:50:17,6.76,57,clear sky
2025-03-03 05:57:08,6.76,57,clear sky
2025-03-03 06:21:36,4.03,61,broken clouds
2025-03-03 06:42:56,5.76,52,clear sky
2025-03-03 06:52:19,5.76,52,clear sky
2025-03-03 06:59:18,5.76,52,clear sky
2025-03-03 07:18:58,3.76,59,overcast clouds
2025-03-03 07:29:56,4.76,52,clear sky
2025-03-03 07:37:53,4.76,52,clear sky
2025-03-03 07:44:54,4.76,52,clear sky
2025-03-03 07:52:02,4.76,52,clear sky
2025-03-03 07:58:56,4.76,52,clear sky
2025-03-03 08:25:24,3.66,51,overcast clouds
2025-03-03 08:40:52,4.76,52,clear sky
2025-03-03 08:49:54,4.76,52,clear sky
2025-03-03 08:56:55,4.76,52,clear sky
2025-03-03 09:16:08,2.33,52,overcast clouds
2025-03-03 09:32:50,3.76,52,clear sky
2025-03-03 09:42:57,3.76,52,clear sky
2025-03-03 09:49:34,3.76,52,clear sky
2025-03-03 09:56:18,3.76,52,clear sky
2025-03-03 10:14:28,3.76,52,clear sky
2025-03-03 10:35:06,2.76,56,clear sky
2025-03-03 10:45:35,2.76,56,clear sky
2025-03-03 10:52:39,2.76,56,clear sky
2025-03-03 10:59:54,2.76,56,clear sky
2025-03-03 11:17:24,0.92,51,overcast clouds
2025-03-03 11:27:30,1.76,55,clear sky
2025-03-03 11:35:53,1.76,55,clear sky
2025-03-03 11:42:43,1.76,55,clear sky
2025-03-03 11:50:07,1.76,55,clear sky
2025-03-03 11:56:55,1.76,55,clear sky
2025-03-03 12:28:20,1.76,51,clear sky
2025-03-03 12:59:56,1.76,51,clear sky
2025-03-03 13:27:38,1.76,51,clear sky
2025-03-03 13:41:09,1.76,51,clear sky
2025-03-03 13:48:17,1.76,51,clear sky
2025-03-03 13:55:17,1.76,51,clear sky
2025-03-03 14:11:20,0.7,52,overcast clouds
2025-03-03 14:31:30,1.76,48,clear sky
2025-03-03 14:43:48,1.76,48,clear sky
2025-03-03 14:51:08,1.76,48,clear sky
2025-03-03 14:58:22,1.76,48,clear sky
2025-03-03 15:18:34,0.71,52,overcast clouds
2025-03-03 15:32:57,1.76,51,clear sky
2025-03-03 15:43:20,1.76,51,clear sky
2025-03-03 15:50:31,1.76,51,clear sky
2025-03-03 15:57:24,1.76,51,clear sky
2025-03-03 16:18:14,0.68,52,overcast clouds
2025-03-03 16:40:11,1.76,55,clear sky
2025-03-03 16:52:09,1.76,55,clear sky
2025-03-03 16:59:09,1.76,55,clear sky
2025-03-03 17:16:38,0.79,54,overcast clouds
2025-03-03 17:31:17,1.76,51,clear sky
2025-03-03 17:41:04,1.76,51,clear sky
2025-03-03 17:48:04,1.76,51,clear sky
2025-03-03 17:54:53,1.76,51,light snow
2025-03-03 18:13:01,0.69,55,light snow
2025-03-03 18:35:11,1.76,51,clear sky
2025-03-03 18:47:50,1.76,51,clear sky
2025-03-03 18:54:50,1.76,51,clear sky
2025-03-03 19:07:49,1.76,51,clear sky
2025-03-03 19:21:17,0.77,57,light snow
2025-03-03 19:28:33,1.76,55,clear sky
2025-03-03 19:36:45,1.76,55,clear sky
2025-03-03 19:43:42,1.76,55,clear sky
2025-03-03 19:50:53,1.76,55,clear sky
2025-03-03 19:58:02,1.76,55,clear sky
2025-03-03 20:17:51,1.76,55,clear sky
2025-03-03 20:32:05,1.76,55,clear sky
2025-03-03 20:43:23,1.76,55,light snow
2025-03-03 20:50:18,1.76,55,light snow
2025-03-03 20:57:07,1.76,55,snow
2025-03-03 21:14:38,1.76,55,light snow
2025-03-03 21:28:47,1.76,55,clear sky
2025-03-03 21:39:20,1.76,55,clear sky
2025-03-03 21:46:09,1.76,55,clear sky
2025-03-03 21:53:18,1.76,55,clear sky
2025-03-03 22:00:23,1.76,55,clear sky
2025-03-03 22:19:50,0.84,57,light snow
2025-03-03 22:34:36,2.76,52,moderate rain
2025-03-03 22:43:18,2.76,52,light rain
2025-03-03 22:50:12,2.76,52,clear sky
2025-03-03 22:57:21,2.76,52,clear sky
2025-03-03 23:14:12,1.01,57,overcast clouds
2025-03-03 23:27:13,1.01,57,snow
2025-03-03 23:35:34,2.76,56,clear sky
2025-03-03 23:42:32,2.76,56,light rain
2025-03-03 23:49:44,2.76,56,light rain
2025-03-03 23:57:05,2.76,56,snow
2025-03-04 01:06:13,0.76,86,light snow
2025-03-04 02:32:09,0.76,93,snow
2025-03-04 03:07:40,0.76,100,snow
2025-03-04 03:35:35,0.76,100,snow
2025-03-04 03:49:09,0.76,100,snow
2025-03-04 03:56:12,0.76,100,snow
2025-03-04 04:15:33,0.76,100,snow
2025-03-04 04:33:52,1.76,100,light rain and snow
2025-03-04 04:45:27,1.76,100,snow
2025-03-04 04:52:21,1.76,100,snow
2025-03-04 04:59:22,1.76,100,snow
2025-03-04 05:18:43,1.76,100,snow
2025-03-04 05:33:03,1.76,100,light rain
2025-03-04 05:42:03,1.76,100,light rain
2025-03-04 05:48:59,1.76,100,light rain
2025-03-04 05:55:49,1.76,100,light rain
2025-03-04 06:16:46,1.78,93,light rain and snow
2025-03-04 06:40:22,2.76,87,light rain
2025-03-04 06:50:41,2.76,87,light rain
2025-03-04 06:57:27,2.76,87,light rain
2025-03-04 07:15:29,1.78,87,light rain
2025-03-04 07:28:26,1.78,87,light rain
2025-03-04 07:36:45,2.76,93,light rain
2025-03-04 07:43:49,2.76,93,broken clouds
2025-03-04 07:51:05,2.76,93,broken clouds
2025-03-04 07:57:54,2.76,93,broken clouds
2025-03-04 08:19:01,2.7,69,overcast clouds
2025-03-04 08:38:08,3.76,81,broken clouds
2025-03-04 08:49:18,3.76,81,broken clouds
2025-03-04 08:56:25,3.76,81,broken clouds
2025-03-04 09:14:09,2.78,70,broken clouds
2025-03-04 09:30:28,3.76,70,broken clouds
2025-03-04 09:40:56,3.76,70,broken clouds
2025-03-04 09:47:59,3.76,70,broken clouds
2025-03-04 09:55:07,3.76,70,broken clouds
2025-03-04 10:11:44,2.13,69,overcast clouds
2025-03-04 10:34:15,2.76,81,broken clouds
2025-03-04 10:45:38,2.76,81,broken clouds
2025-03-04 10:52:28,2.76,81,broken clouds
2025-03-04 10:59:30,2.76,81,broken clouds
2025-03-04 11:16:12,2.27,66,overcast clouds
2025-03-04 11:26:37,1.76,87,broken clouds
2025-03-04 11:35:19,1.76,87,broken clouds
2025-03-04 11:42:19,1.76,87,broken clouds
2025-03-04 11:49:20,1.76,87,broken clouds
2025-03-04 11:56:04,1.76,87,broken clouds
2025-03-04 12:24:02,1.76,87,clear sky
2025-03-04 12:56:44,1.76,87,clear sky
2025-03-04 13:21:55,2.36,65,overcast clouds
2025-03-04 13:38:32,1.76,80,clear sky
2025-03-04 13:45:33,1.76,80,clear sky
2025-03-04 13:52:43,1.76,80,clear sky
2025-03-04 13:59:36,1.76,80,clear sky
2025-03-04 14:18:52,1.76,80,clear sky
2025-03-04 14:35:30,1.76,75,clear sky
2025-03-04 14:44:45,1.76,75,clear sky
2025-03-04 14:51:45,1.76,75,snow
2025-03-04 14:58:43,1.76,75,snow
2025-03-04 15:19:30,1.84,68,overcast clouds
2025-03-04 15:34:50,1.76,75,light snow
2025-03-04 15:44:15,1.76,75,light snow
2025-03-04 15:51:13,1.76,75,clear sky
2025-03-04 15:58:16,1.76,75,light snow
2025-03-04 16:21:55,1.61,69,overcast clouds
2025-03-04 16:42:43,1.76,75,clear sky
2025-03-04 16:52:40,1.76,75,clear sky
2025-03-04 16:59:47,1.76,75,clear sky
2025-03-04 17:18:04,1.01,72,overcast clouds
2025-03-04 17:31:46,1.76,75,clear sky
2025-03-04 17:41:19,1.76,75,clear sky
2025-03-04 17:48:25,1.76,75,clear sky
2025-03-04 17:55:22,1.76,75,clear sky
2025-03-04 18:15:09,0.73,72,overcast clouds
2025-03-04 18:39:57,1.76,75,clear sky
2025-03-04 18:50:58,1.76,75,clear sky
2025-03-04 18:58:03,1.76,75,clear sky
2025-03-04 19:12:55,1.76,75,clear sky
2025-03-04 19:23:16,1.76,75,clear sky
2025-03-04 19:30:15,1.76,75,clear sky
2025-03-04 19:38:16,1.76,75,clear sky
2025-03-04 19:45:10,1.76,75,clear sky
2025-03-04 19:52:07,1.76,75,clear sky
2025-03-04 19:58:52,1.76,75,clear sky
2025-03-04 20:19:42,1.76,75,clear sky
2025-03-04 20:32:32,1.76,75,clear sky
2025-03-04 20:41:48,1.76,75,clear sky
2025-03-04 20:48:53,1.76,75,light snow
2025-03-04 20:55:40,1.76,75,clear sky
2025-03-04 21:11:21,0.98,75,overcast clouds
2025-03-04 21:26:25,0.98,75,light snow
2025-03-04 21:35:14,1.76,75,clear sky
2025-03-04 21:42:15,1.76,75,clear sky
2025-03-04 21:49:30,1.76,75,light snow
2025-03-04 21:56:23,1.76,75,clear sky
2025-03-04 22:11:55,1.05,74,light snow
2025-03-04 22:29:21,1.76,75,snow
2025-03-04 22:39:33,1.76,75,snow
2025-03-04 22:46:41,1.76,75,clear sky
2025-03-04 22:53:54,1.76,75,clear sky
2025-03-04 23:07:33,1.76,75,clear sky
2025-03-04 23:24:13,1.76,75,clear sky
2025-03-04 23:32:08,1.76,75,clear sky
2025-03-04 23:39:48,1.76,75,clear sky
2025-03-04 23:46:45,1.76,75,clear sky
2025-03-04 23:53:39,1.76,75,clear sky
2025-03-05 00:37:32,2.76,70,light rain
